OID_;Join_Count;TARGET_FID;osm_id;code;name;POINT_X;POINT_Y;FID_departamento;gid;departamento_nombre;departamento_id;FID_provincia;provincia_nombre;provincia_id
10;1;10;53638705;2401;Hotel Hilton Buenos Aires;-59,00182456;-34,41725303;135;123;Comuna 1;2007;1;Ciudad Autónoma de Buenos Aires;2
12;1;12;61920011;2401;Four Seasons;-58,3636731;-34,60593555;135;123;Comuna 1;2007;1;Ciudad Autónoma de Buenos Aires;2
25;1;25;123417772;2401;Hotel Faena;-65,1989702;-26,82861355;135;123;Comuna 1;2007;1;Ciudad Autónoma de Buenos Aires;2
34;1;34;149548230;2401;Sheraton Hotel & Convention Center;-64,44099973;-31,65407195;135;123;Comuna 1;2007;1;Ciudad Autónoma de Buenos Aires;2
38;1;38;155459341;2401;NH Tango;-72,273607;-50,3369722;135;123;Comuna 1;2007;1;Ciudad Autónoma de Buenos Aires;2
84;1;84;200446903;2401;Hotel Viejo Telmo;-70,57811803;-38,87089354;135;123;Comuna 1;2007;1;Ciudad Autónoma de Buenos Aires;2
131;1;131;252281265;2401;Intercontinental;-68,84718775;-32,89225903;135;123;Comuna 1;2007;1;Ciudad Autónoma de Buenos Aires;2
140;1;140;259868716;2401;Hotel Emperador Buenos Aires;-55,53285666;-27,2518707;135;123;Comuna 1;2007;1;Ciudad Autónoma de Buenos Aires;2
163;1;163;291839941;2401;Dazzler Polo;-65,30995109;-24,186359;6;245;Comuna 14;2098;1;Ciudad Autónoma de Buenos Aires;2
199;1;199;311054666;2401; ;-68,74079247;-32,939791;135;123;Comuna 1;2007;1;Ciudad Autónoma de Buenos Aires;2
201;1;201;311447370;2401;NH Collection;-59,0275532;-31,85396453;135;123;Comuna 1;2007;1;Ciudad Autónoma de Buenos Aires;2
221;1;221;324855086;2401;UNO;-64,98634331;-32,34014376;253;242;Comuna 3;2021;1;Ciudad Autónoma de Buenos Aires;2
252;1;252;354318421;2401;Dazzler Palermo;-68,22916182;-38,95793421;6;245;Comuna 14;2098;1;Ciudad Autónoma de Buenos Aires;2
255;1;255;5328092;2401;Tré Design Apartments;-58,43600289;-34,58503052;229;209;Comuna 13;2091;1;Ciudad Autónoma de Buenos Aires;2
309;1;309;415382110;2401;Live Hotel;-54,5845904;-25,99288606;6;245;Comuna 14;2098;1;Ciudad Autónoma de Buenos Aires;2
313;1;313;415906190;2401;Alvear Icon Hotel;-55,12048305;-27,4854056;135;123;Comuna 1;2007;1;Ciudad Autónoma de Buenos Aires;2
315;1;315;417051340;2401;Hotel Madero;-66,8552673;-29,4134625;135;123;Comuna 1;2007;1;Ciudad Autónoma de Buenos Aires;2
336;1;336;460111507;2401;Presidente Hotel;-65,29946123;-24,18835527;135;123;Comuna 1;2007;1;Ciudad Autónoma de Buenos Aires;2
337;1;337;460111516;2401;Hotel Globales;-65,29907272;-24,1883653;135;123;Comuna 1;2007;1;Ciudad Autónoma de Buenos Aires;2
338;1;338;460111522;2401;Hotel La Reina;-65,30029286;-24,18507146;135;123;Comuna 1;2007;1;Ciudad Autónoma de Buenos Aires;2
340;1;340;460814846;2401;Hotel Odeon;-58,38237449;-34,60424789;135;123;Comuna 1;2007;1;Ciudad Autónoma de Buenos Aires;2
341;1;341;460821255;2401;Hotel Cosmos;-58,38216495;-34,60931908;135;123;Comuna 1;2007;1;Ciudad Autónoma de Buenos Aires;2
342;1;342;460836417;2401;Hotel Alba;-71,51098004;-41,04640361;135;123;Comuna 1;2007;1;Ciudad Autónoma de Buenos Aires;2
343;1;343;460836419;2401;Hotel;-58,38391794;-34,62069867;135;123;Comuna 1;2007;1;Ciudad Autónoma de Buenos Aires;2
344;1;344;460981320;2401;Astor Hotel;-58,38155455;-34,6291515;136;124;Comuna 4;2028;1;Ciudad Autónoma de Buenos Aires;2
376;1;376;472666269;2401;Hotel Pedraza;-70,07850076;-35,14748223;229;209;Comuna 13;2091;1;Ciudad Autónoma de Buenos Aires;2
377;1;377;472744916;2401;Bisonte Libertad;-58,7129691;-34,5246235;135;123;Comuna 1;2007;1;Ciudad Autónoma de Buenos Aires;2
378;1;378;472796679;2401;Inter Plaza;-68,31042778;-54,803926;227;204;Comuna 2;2014;1;Ciudad Autónoma de Buenos Aires;2
379;1;379;472805300;2401;8 de Octubre;-58,46438509;-34,54995978;227;204;Comuna 2;2014;1;Ciudad Autónoma de Buenos Aires;2
380;1;380;473048585;2401;Embajador Hotel;-58,38422356;-34,59796448;135;123;Comuna 1;2007;1;Ciudad Autónoma de Buenos Aires;2
381;1;381;473088578;2401;River Hotel;-58,40992932;-34,59709423;135;123;Comuna 1;2007;1;Ciudad Autónoma de Buenos Aires;2
382;1;382;473090357;2401;Hotel Centra;-58,38735855;-34,59844059;135;123;Comuna 1;2007;1;Ciudad Autónoma de Buenos Aires;2
383;1;383;473090362;2401;Hotel Palace Solis;-58,38116295;-34,59441341;135;123;Comuna 1;2007;1;Ciudad Autónoma de Buenos Aires;2
384;1;384;473143936;2401; ;-58,38949583;-34,60796889;227;204;Comuna 2;2014;1;Ciudad Autónoma de Buenos Aires;2
385;1;385;473159995;2401;Scala;-58,39017573;-34,6112474;135;123;Comuna 1;2007;1;Ciudad Autónoma de Buenos Aires;2
386;1;386;473160006;2401;Hotel Internacional;-58,39002965;-34,61331945;135;123;Comuna 1;2007;1;Ciudad Autónoma de Buenos Aires;2
387;1;387;473162791;2401;Savoy Hotel;-58,38956835;-34,58925365;135;123;Comuna 1;2007;1;Ciudad Autónoma de Buenos Aires;2
388;1;388;473165334;2401;Howard Johnson;-58,38000762;-34,61692424;135;123;Comuna 1;2007;1;Ciudad Autónoma de Buenos Aires;2
389;1;389;473184635;2401;Hotel N'ontuê;-58,38007721;-34,61474606;253;242;Comuna 3;2021;1;Ciudad Autónoma de Buenos Aires;2
390;1;390;473190405;2401;Hotel Egipto;-58,3917251;-34,60688135;253;242;Comuna 3;2021;1;Ciudad Autónoma de Buenos Aires;2
391;1;391;473390281;2401; ;-58,38027281;-34,61356493;6;245;Comuna 14;2098;1;Ciudad Autónoma de Buenos Aires;2
392;1;392;473390921;2401;Broadway Hotel & Suites;-58,41214058;-34,60389346;135;123;Comuna 1;2007;1;Ciudad Autónoma de Buenos Aires;2
393;1;393;473405562;2401;Dazzler Hotel Recoleta;-58,41009017;-34,60381537;227;204;Comuna 2;2014;1;Ciudad Autónoma de Buenos Aires;2
394;1;394;473409334;2401;Hotel Dazzler Tower;-58,42475634;-34,57779399;135;123;Comuna 1;2007;1;Ciudad Autónoma de Buenos Aires;2
395;1;395;473415695;2401;Mérit San Telmo Hotel;-58,38315828;-34,60358516;135;123;Comuna 1;2007;1;Ciudad Autónoma de Buenos Aires;2
396;1;396;473415702;2401;Hotel de las Luces;-58,3954315;-34,5886146;135;123;Comuna 1;2007;1;Ciudad Autónoma de Buenos Aires;2
397;1;397;473433270;2401;El Castillo;-58,37777858;-34,61185212;227;204;Comuna 2;2014;1;Ciudad Autónoma de Buenos Aires;2
398;1;398;473606121;2401; ;-58,37787692;-34,61036508;253;242;Comuna 3;2021;1;Ciudad Autónoma de Buenos Aires;2
399;1;399;473606580;2401;Kenton Palace Hotel;-58,37387599;-34,61013378;135;123;Comuna 1;2007;1;Ciudad Autónoma de Buenos Aires;2
400;1;400;473614548;2401;Nogaró Hotel;-58,39464315;-34,59708369;135;123;Comuna 1;2007;1;Ciudad Autónoma de Buenos Aires;2
402;1;402;473645827;2401;San Telmo Luxury Suites;-58,37209637;-34,61225882;135;123;Comuna 1;2007;1;Ciudad Autónoma de Buenos Aires;2
403;1;403;473653929;2401;Trimos Hotel;-58,3741011;-34,61001707;135;123;Comuna 1;2007;1;Ciudad Autónoma de Buenos Aires;2
405;1;405;473670822;2401;Hotel Carly;-58,3722236;-34,61581812;135;123;Comuna 1;2007;1;Ciudad Autónoma de Buenos Aires;2
406;1;406;473670831;2401;Hotel Brasas Del Mar;-58,3754163;-34,61369277;135;123;Comuna 1;2007;1;Ciudad Autónoma de Buenos Aires;2
407;1;407;473843468;2401;Vacances Hotel;-58,57339162;-34,45231272;135;123;Comuna 1;2007;1;Ciudad Autónoma de Buenos Aires;2
408;1;408;473843493;2401;Hotel Boutique Tiana;-58,37220846;-34,6208942;135;123;Comuna 1;2007;1;Ciudad Autónoma de Buenos Aires;2
409;1;409;473853908;2401;Piedras Suites;-58,3775475;-34,621025;135;123;Comuna 1;2007;1;Ciudad Autónoma de Buenos Aires;2
410;1;410;473858793;2401;Los Robles;-58,36982061;-34,61969014;135;123;Comuna 1;2007;1;Ciudad Autónoma de Buenos Aires;2
412;1;412;474366487;2401;Pestana Buenos Aires Hotel;-58,3747847;-34,62050971;135;123;Comuna 1;2007;1;Ciudad Autónoma de Buenos Aires;2
413;1;413;6974816;2401;Hotel Panamericano;-58,37715518;-34,61869997;135;123;Comuna 1;2007;1;Ciudad Autónoma de Buenos Aires;2
414;1;414;474394306;2401;Atlas Tower Hotel;-58,37767882;-34,6183916;135;123;Comuna 1;2007;1;Ciudad Autónoma de Buenos Aires;2
415;1;415;474531251;2401;Hotel Hamburg;-71,7311037;-46,53624785;509;503;Comuna 15;2105;1;Ciudad Autónoma de Buenos Aires;2
418;1;418;475508963;2401;Hotel Plaza Roma;-58,3919101;-34,6045686;135;123;Comuna 1;2007;1;Ciudad Autónoma de Buenos Aires;2
419;1;419;475573710;2401;La Fresqué;-58,47674675;-34,59119785;135;123;Comuna 1;2007;1;Ciudad Autónoma de Buenos Aires;2
420;1;420;476004407;2401;Hotel Cuatro Reyes;-58,57201626;-34,47345056;135;123;Comuna 1;2007;1;Ciudad Autónoma de Buenos Aires;2
421;1;421;476172703;2401;Bisonte Palace Hotel;-58,61220294;-34,48359605;135;123;Comuna 1;2007;1;Ciudad Autónoma de Buenos Aires;2
422;1;422;476357197;2401;Hotel Mundial;-58,39034755;-34,60889925;135;123;Comuna 1;2007;1;Ciudad Autónoma de Buenos Aires;2
423;1;423;476366464;2401;La Perla Hotel;-58,38037726;-34,60915933;253;242;Comuna 3;2021;1;Ciudad Autónoma de Buenos Aires;2
424;1;424;476369113;2401;Hotel 26 de Setiembre;-58,38566715;-34,61763338;135;123;Comuna 1;2007;1;Ciudad Autónoma de Buenos Aires;2
425;1;425;476372008;2401;Eleven Palace Hotel;-58,38006785;-34,59667186;253;242;Comuna 3;2021;1;Ciudad Autónoma de Buenos Aires;2
426;1;426;476397664;2401;Gran Hotel Buenos Aires;-58,38471782;-34,6095809;135;123;Comuna 1;2007;1;Ciudad Autónoma de Buenos Aires;2
427;1;427;476741571;2401;Hotel Del Sol;-58,40571164;-34,61039748;135;123;Comuna 1;2007;1;Ciudad Autónoma de Buenos Aires;2
428;1;428;476756167;2401;Hotel San Antonio 372;-58,37905458;-34,60779067;135;123;Comuna 1;2007;1;Ciudad Autónoma de Buenos Aires;2
429;1;429;476756170;2401;Hotel Ushcata;-58,40899476;-34,61135203;135;123;Comuna 1;2007;1;Ciudad Autónoma de Buenos Aires;2
430;1;430;476766476;2401;Sheraton Libertador Hotel;-58,37783353;-34,5961697;135;123;Comuna 1;2007;1;Ciudad Autónoma de Buenos Aires;2
431;1;431;476767605;2401;Hotel Familiar;-58,37761858;-34,60066172;140;125;Comuna 5;2035;1;Ciudad Autónoma de Buenos Aires;2
432;1;432;476769759;2401;Hotel Viamonte;-58,37268595;-34,59742535;135;123;Comuna 1;2007;1;Ciudad Autónoma de Buenos Aires;2
433;1;433;476772521;2401;Athos Hotel;-58,37215229;-34,59868795;135;123;Comuna 1;2007;1;Ciudad Autónoma de Buenos Aires;2
434;1;434;476772574;2401;Castelar Hotel & Spa;-58,37653018;-34,5990068;135;123;Comuna 1;2007;1;Ciudad Autónoma de Buenos Aires;2
435;1;435;476996802;2401;Conte Hotel;-58,412376;-34,62482085;135;123;Comuna 1;2007;1;Ciudad Autónoma de Buenos Aires;2
436;1;436;477021509;2401;Grand Hotel;-58,37897389;-34,5999994;135;123;Comuna 1;2007;1;Ciudad Autónoma de Buenos Aires;2
437;1;437;477033608;2401;Hotel Frossard;-58,38254508;-34,62208612;135;123;Comuna 1;2007;1;Ciudad Autónoma de Buenos Aires;2
438;1;438;477042264;2401;Tanguero Boutique Hotel;-58,3827388;-34,60936122;135;123;Comuna 1;2007;1;Ciudad Autónoma de Buenos Aires;2
439;1;439;477538476;2401;Motel Floresta;-58,38054635;-34,60715856;156;127;Comuna 10;2070;1;Ciudad Autónoma de Buenos Aires;2
440;1;440;477548937;2401;Hotel Directorio's;-58,37457067;-34,60118295;152;126;Comuna 7;2049;1;Ciudad Autónoma de Buenos Aires;2
441;1;441;477550215;2401;Viasui Hotel;-58,37641152;-34,60128147;135;123;Comuna 1;2007;1;Ciudad Autónoma de Buenos Aires;2
442;1;442;477550224;2401;Carsson Hotel;-58,37987315;-34,59919567;135;123;Comuna 1;2007;1;Ciudad Autónoma de Buenos Aires;2
443;1;443;477556340;2401;Hotel Amerian;-58,4797624;-34,63360408;135;123;Comuna 1;2007;1;Ciudad Autónoma de Buenos Aires;2
445;1;445;477564701;2401;Catalinas Su Tes;-58,38052489;-34,60034327;135;123;Comuna 1;2007;1;Ciudad Autónoma de Buenos Aires;2
446;1;446;477564706;2401; ;-58,37607485;-34,60022516;135;123;Comuna 1;2007;1;Ciudad Autónoma de Buenos Aires;2
447;1;447;477564708;2401;Claridge;-58,3724657;-34,5998717;135;123;Comuna 1;2007;1;Ciudad Autónoma de Buenos Aires;2
448;1;448;477564713;2401;Galerias Hotel;-58,63201408;-34,63568961;135;123;Comuna 1;2007;1;Ciudad Autónoma de Buenos Aires;2
449;1;449;477571789;2401;Hotel Da Vinci;-58,37155063;-34,60064214;135;123;Comuna 1;2007;1;Ciudad Autónoma de Buenos Aires;2
470;1;470;504276754;2401;Fierro Hotel;-65,00386397;-32,34849583;6;245;Comuna 14;2098;1;Ciudad Autónoma de Buenos Aires;2
573;1;573;670357925;2401;El Conquistador Hotel;-56,95764374;-37,24640183;135;123;Comuna 1;2007;1;Ciudad Autónoma de Buenos Aires;2
574;1;574;670373022;2401;Loi Suites Esmeralda;-71,53108656;-41,07336058;135;123;Comuna 1;2007;1;Ciudad Autónoma de Buenos Aires;2
742;1;742;806930316;2401;Melia Recoleta Plaza;-70,91290755;-39,24023798;227;204;Comuna 2;2014;1;Ciudad Autónoma de Buenos Aires;2
927;1;927;11845905;2401;Howard Johnson;-64,11144485;-38,9832534;253;242;Comuna 3;2021;1;Ciudad Autónoma de Buenos Aires;2
928;1;928;867915569;2401;Suboficiales de la Fuerza Aérea;-64,11179236;-38,98417877;227;204;Comuna 2;2014;1;Ciudad Autónoma de Buenos Aires;2
965;1;965;899918217;2401; ;-71,31687199;-41,13377213;253;242;Comuna 3;2021;1;Ciudad Autónoma de Buenos Aires;2
1008;1;1008;454517417;2401;Alvear Palace Hotel;-56,0217395;-28,0545949;227;204;Comuna 2;2014;1;Ciudad Autónoma de Buenos Aires;2
1012;1;1012;473604429;2401;Hotel Bauen;-65,7820453;-28,4687135;253;242;Comuna 3;2021;1;Ciudad Autónoma de Buenos Aires;2
1039;1;1039;573387906;2401;Hotel León;-66,5248954;-33,1363268;227;204;Comuna 2;2014;1;Ciudad Autónoma de Buenos Aires;2
1101;1;1101;680448565;2401;Ibis;-70,9267278;-47,4443433;135;123;Comuna 1;2007;1;Ciudad Autónoma de Buenos Aires;2
1103;1;1103;687612360;2401;Hotel Plaza;-72,883327;-49,3330334;135;123;Comuna 1;2007;1;Ciudad Autónoma de Buenos Aires;2
1105;1;1105;724643679;2401;Hotel Urban Suites Recoleta;-72,8882981;-49,3324266;227;204;Comuna 2;2014;1;Ciudad Autónoma de Buenos Aires;2
1106;1;1106;724651917;2401;Park Elegance Kempinski Hotel;-72,8891367;-49,3331891;227;204;Comuna 2;2014;1;Ciudad Autónoma de Buenos Aires;2
1107;1;1107;724657422;2401;Hotel Recoleta;-72,8920546;-49,3261189;227;204;Comuna 2;2014;1;Ciudad Autónoma de Buenos Aires;2
1108;1;1108;724658672;2401;Chateau Blend Hotel Boutique;-58,3888086;-34,6103171;227;204;Comuna 2;2014;1;Ciudad Autónoma de Buenos Aires;2
1109;1;1109;724730648;2401;Hotel Madero;-67,2612122;-26,4784866;135;123;Comuna 1;2007;1;Ciudad Autónoma de Buenos Aires;2
1113;1;1113;769901855;2401;Hotel Bristol;-58,3994556;-34,5887312;135;123;Comuna 1;2007;1;Ciudad Autónoma de Buenos Aires;2
1133;1;1133;915725394;2401;Hotel Colón;-57,6831401;-36,3189431;135;123;Comuna 1;2007;1;Ciudad Autónoma de Buenos Aires;2
1194;1;1194;1108412254;2401;Orleans;-65,1314268;-28,6280748;253;242;Comuna 3;2021;1;Ciudad Autónoma de Buenos Aires;2
1197;1;1197;1109141337;2401;Hotel León;-64,2585128;-27,7878193;253;242;Comuna 3;2021;1;Ciudad Autónoma de Buenos Aires;2
1199;1;1199;1111884108;2401;El Litoral;-58,2576101;-37,8476618;509;503;Comuna 15;2105;1;Ciudad Autónoma de Buenos Aires;2
1200;1;1200;1112458201;2401;Intersur Suites;-58,560603;-34,5933722;253;242;Comuna 3;2021;1;Ciudad Autónoma de Buenos Aires;2
1202;1;1202;1121649309;2401;Alfa;-58,3929992;-34,60124;227;204;Comuna 2;2014;1;Ciudad Autónoma de Buenos Aires;2
1215;1;1215;1144740077;2401;CE;-62,2637615;-38,7201303;227;204;Comuna 2;2014;1;Ciudad Autónoma de Buenos Aires;2
1216;1;1216;1144740079;2401;Design Suites;-62,262762;-38,7139149;227;204;Comuna 2;2014;1;Ciudad Autónoma de Buenos Aires;2
1217;1;1217;1146277353;2401;Wilton Palace;-62,2631421;-38,7152982;227;204;Comuna 2;2014;1;Ciudad Autónoma de Buenos Aires;2
1253;1;1253;1239325419;2401;Gran Hotel Orly;-54,5890309;-25,5955728;135;123;Comuna 1;2007;1;Ciudad Autónoma de Buenos Aires;2
1276;1;1276;1283906350;2401;Dazzler Suites Aroyo;-64,1828903;-31,4174564;135;123;Comuna 1;2007;1;Ciudad Autónoma de Buenos Aires;2
1332;1;1332;1399347794;2401;La Giralda;-65,0209605;-42,7791996;135;123;Comuna 1;2007;1;Ciudad Autónoma de Buenos Aires;2
1333;1;1333;1399347801;2401;Reconquista Plaza;-65,0308014;-42,7773532;135;123;Comuna 1;2007;1;Ciudad Autónoma de Buenos Aires;2
1357;1;1357;1439759352;2401;Dazzler Tower San Martin;-58,8354691;-27,461925;135;123;Comuna 1;2007;1;Ciudad Autónoma de Buenos Aires;2
1364;1;1364;1458010972;2401;Prince;-60,9521629;-34,5883416;227;204;Comuna 2;2014;1;Ciudad Autónoma de Buenos Aires;2
1481;1;1481;1642367449;2401;Esplendor;-65,0889946;-40,8117428;135;123;Comuna 1;2007;1;Ciudad Autónoma de Buenos Aires;2
1482;1;1482;1642367459;2401;Dazzler Tower Maipú;-65,0882208;-40,8070789;135;123;Comuna 1;2007;1;Ciudad Autónoma de Buenos Aires;2
1489;1;1489;1659032466;2401;Hotel Palace Rondeau;-68,4795348;-31,3434756;135;123;Comuna 1;2007;1;Ciudad Autónoma de Buenos Aires;2
1490;1;1490;1659033169;2401;Hotel Guadalupe;-70,7794279;-51,0302328;136;124;Comuna 4;2028;1;Ciudad Autónoma de Buenos Aires;2
1544;1;1544;1803935960;2401;Hotel República;-68,8464006;-32,8872416;135;123;Comuna 1;2007;1;Ciudad Autónoma de Buenos Aires;2
1639;1;1639;1979431404;2401;Hotel FATSA;-55,9133938;-27,4035626;253;242;Comuna 3;2021;1;Ciudad Autónoma de Buenos Aires;2
1669;1;1669;2032732863;2401;Art Hotel;-61,0702515;-27,1049395;227;204;Comuna 2;2014;1;Ciudad Autónoma de Buenos Aires;2
1670;1;1670;2032787931;2401;Hotel Nuevo Camino;-61,0682023;-27,0982348;253;242;Comuna 3;2021;1;Ciudad Autónoma de Buenos Aires;2
1676;1;1676;2055898462;2401;Hotel Boutique Bonito;-60,6150806;-25,9448669;135;123;Comuna 1;2007;1;Ciudad Autónoma de Buenos Aires;2
1688;1;1688;2084991059;2401;Rochester Concept;-69,5830334;-35,4712108;135;123;Comuna 1;2007;1;Ciudad Autónoma de Buenos Aires;2
1690;1;1690;2085716045;2401;Villa;-64,188037;-31,4172818;140;125;Comuna 5;2035;1;Ciudad Autónoma de Buenos Aires;2
1717;1;1717;2120238231;2401;Torre San Jose;-64,997837;-31,7211185;135;123;Comuna 1;2007;1;Ciudad Autónoma de Buenos Aires;2
1719;1;1719;2123196088;2401;Cabildo Suites;-65,4114445;-24,792189;229;209;Comuna 13;2091;1;Ciudad Autónoma de Buenos Aires;2
1810;1;1810;2198354929;2401; ;-60,7020202;-31,6441191;229;209;Comuna 13;2091;1;Ciudad Autónoma de Buenos Aires;2
1812;1;1812;2204806831;2401;Irun;-68,9080736;-33,0312311;135;123;Comuna 1;2007;1;Ciudad Autónoma de Buenos Aires;2
1824;1;1824;2262235402;2401;A Hotel Chile;-67,4990326;-45,8706586;135;123;Comuna 1;2007;1;Ciudad Autónoma de Buenos Aires;2
1825;1;1825;2262235403;2401;ART DECO Hotel & Suites ****;-58,384479;-34,6275892;135;123;Comuna 1;2007;1;Ciudad Autónoma de Buenos Aires;2
1826;1;1826;2262235404;2401;Abh - About Baires Hotel;-60,3217002;-36,8921905;135;123;Comuna 1;2007;1;Ciudad Autónoma de Buenos Aires;2
1827;1;1827;2262235406;2401;Aldeano I;-60,3206434;-36,8940224;253;242;Comuna 3;2021;1;Ciudad Autónoma de Buenos Aires;2
1828;1;1828;2262235407;2401;Alma Buenos Aires;-71,5116676;-44,226362;135;123;Comuna 1;2007;1;Ciudad Autónoma de Buenos Aires;2
1829;1;1829;2262235408;2401;Apart Garten Village;-71,3822617;-44,1760718;135;123;Comuna 1;2007;1;Ciudad Autónoma de Buenos Aires;2
1830;1;1830;2262235409;2401;Apart Gran Hotel Libertad;-68,4877878;-31,5460183;135;123;Comuna 1;2007;1;Ciudad Autónoma de Buenos Aires;2
1831;1;1831;2262235410;2401;Arenales Apart Hotel;-65,6922163;-26,8523023;227;204;Comuna 2;2014;1;Ciudad Autónoma de Buenos Aires;2
1832;1;1832;2262235412;2401;Le Petit Suites;-58,8358506;-27,4683619;135;123;Comuna 1;2007;1;Ciudad Autónoma de Buenos Aires;2
1833;1;1833;2262235414;2401;Astoria Hotel;-64,8627563;-27,4945558;135;123;Comuna 1;2007;1;Ciudad Autónoma de Buenos Aires;2
1834;1;1834;2262235415;2401;Ayres de Recoleta;-65,4104959;-24,7816492;227;204;Comuna 2;2014;1;Ciudad Autónoma de Buenos Aires;2
1835;1;1835;2262235416;2401;Bayres Bed & Breakfast;-58,7807715;-27,4891428;509;503;Comuna 15;2105;1;Ciudad Autónoma de Buenos Aires;2
1836;1;1836;2262235417;2401;Be Hollywood;-61,8468797;-31,8984188;6;245;Comuna 14;2098;1;Ciudad Autónoma de Buenos Aires;2
1837;1;1837;2262235418;2401;Biarritz;-58,384739;-34,609038;229;209;Comuna 13;2091;1;Ciudad Autónoma de Buenos Aires;2
1838;1;1838;2262235419;2401;Bulnes;-58,3838741;-34,6032952;140;125;Comuna 5;2035;1;Ciudad Autónoma de Buenos Aires;2
1839;1;1839;2262235420;2401;Cahuel;-58,3808414;-34,6003709;509;503;Comuna 15;2105;1;Ciudad Autónoma de Buenos Aires;2
1840;1;1840;2262235423;2401;CasaSur Art Hotel;-58,4087262;-34,6136516;227;204;Comuna 2;2014;1;Ciudad Autónoma de Buenos Aires;2
1841;1;1841;2262235425;2401;Cevallos;-58,379664;-34,602036;135;123;Comuna 1;2007;1;Ciudad Autónoma de Buenos Aires;2
1842;1;1842;2262235426;2401;Chez Seb Buenos Aires;-58,379441;-34,605476;253;242;Comuna 3;2021;1;Ciudad Autónoma de Buenos Aires;2
1843;1;1843;2262235428;2401;Hotel Chipre;-58,3833559;-34,6050302;135;123;Comuna 1;2007;1;Ciudad Autónoma de Buenos Aires;2
1844;1;1844;2262235431;2401;Colonial;-58,402827;-34,593069;253;242;Comuna 3;2021;1;Ciudad Autónoma de Buenos Aires;2
1845;1;1845;2262235438;2401;Constitucion Palace Hotel;-58,3783117;-34,5972426;135;123;Comuna 1;2007;1;Ciudad Autónoma de Buenos Aires;2
1846;1;1846;2262235448;2401;Dolmen Hotel;-58,379398;-34,609048;135;123;Comuna 1;2007;1;Ciudad Autónoma de Buenos Aires;2
1847;1;1847;2262235456;2401;Edificio Charcas Apart Hotel;-58,391916;-34,588488;135;123;Comuna 1;2007;1;Ciudad Autónoma de Buenos Aires;2
1848;1;1848;2262235460;2401;El Hostal de San Telmo;-58,442955;-34,585895;135;123;Comuna 1;2007;1;Ciudad Autónoma de Buenos Aires;2
1849;1;1849;2262235462;2401;Elevage Buenos Aires Hotel;-58,435231;-34,584608;135;123;Comuna 1;2007;1;Ciudad Autónoma de Buenos Aires;2
1850;1;1850;2262235469;2401;Embassy All Suites;-58,445469;-34,572862;135;123;Comuna 1;2007;1;Ciudad Autónoma de Buenos Aires;2
1851;1;1851;2262235472;2401;Esmeralda Palace Hotel;-58,417724;-34,599779;135;123;Comuna 1;2007;1;Ciudad Autónoma de Buenos Aires;2
1852;1;1852;2262235475;2401;Espacia Suites;-58,4264587;-34,5967251;229;209;Comuna 13;2091;1;Ciudad Autónoma de Buenos Aires;2
1853;1;1853;2262235478;2401;Esperia;-58,3882704;-34,5887963;253;242;Comuna 3;2021;1;Ciudad Autónoma de Buenos Aires;2
1854;1;1854;2262235480;2401;Esplendor Palermo Soho;-58,38903;-34,611842;6;245;Comuna 14;2098;1;Ciudad Autónoma de Buenos Aires;2
1855;1;1855;2262235483;2401;Etoile Hotel;-58,410027;-34,602408;227;204;Comuna 2;2014;1;Ciudad Autónoma de Buenos Aires;2
1856;1;1856;2262235486;2401;Feir's Park Hotel;-58,3744196;-34,6201245;135;123;Comuna 1;2007;1;Ciudad Autónoma de Buenos Aires;2
1857;1;1857;2262235504;2401;Gran Hotel Ailen;-58,411521;-34,613355;135;123;Comuna 1;2007;1;Ciudad Autónoma de Buenos Aires;2
1858;1;1858;2262235507;2401;Gran Hotel America;-58,3823426;-34,6276605;135;123;Comuna 1;2007;1;Ciudad Autónoma de Buenos Aires;2
1859;1;1859;2262235511;2401;Gran Hotel Argentino;-58,379838;-34,5955405;135;123;Comuna 1;2007;1;Ciudad Autónoma de Buenos Aires;2
1860;1;1860;2262235514;2401;Gran Hotel Atlantic;-58,3776319;-34,5964597;253;242;Comuna 3;2021;1;Ciudad Autónoma de Buenos Aires;2
1861;1;1861;2262235517;2401;Gran Hotel Dora;-58,3748544;-34,6197337;135;123;Comuna 1;2007;1;Ciudad Autónoma de Buenos Aires;2
1862;1;1862;2262235520;2401;Gran Hotel Hispano;-58,377064;-34,596812;135;123;Comuna 1;2007;1;Ciudad Autónoma de Buenos Aires;2
1863;1;1863;2262235523;2401;Gran Hotel Vedra;-58,386821;-34,598811;135;123;Comuna 1;2007;1;Ciudad Autónoma de Buenos Aires;2
1864;1;1864;2262235526;2401;Gran Hotel de la Paix;-58,377937;-34,602054;135;123;Comuna 1;2007;1;Ciudad Autónoma de Buenos Aires;2
1865;1;1865;2262235529;2401;Grand King Hotel;-58,450006;-34,57016;135;123;Comuna 1;2007;1;Ciudad Autónoma de Buenos Aires;2
1866;1;1866;2262235532;2401;Hostal el Candil;-58,4098943;-34,6129733;509;503;Comuna 15;2105;1;Ciudad Autónoma de Buenos Aires;2
1867;1;1867;2262235542;2401;Hotel A y B Internacional;-58,426509;-34,58458;135;123;Comuna 1;2007;1;Ciudad Autónoma de Buenos Aires;2
1868;1;1868;2262235545;2401;Hotel Aires Express;-58,391127;-34,58798;140;125;Comuna 5;2035;1;Ciudad Autónoma de Buenos Aires;2
1869;1;1869;2262235557;2401;Hotel Alcazar;-58,3782723;-34,5915235;135;123;Comuna 1;2007;1;Ciudad Autónoma de Buenos Aires;2
1870;1;1870;2262235560;2401;Hotel Americano;-58,3793683;-34,6080862;135;123;Comuna 1;2007;1;Ciudad Autónoma de Buenos Aires;2
1871;1;1871;2262235563;2401;Hotel Ancon;-58,3782234;-34,6274921;227;204;Comuna 2;2014;1;Ciudad Autónoma de Buenos Aires;2
1872;1;1872;2262235566;2401;Hotel Argenta Tower;-58,3805957;-34,6078811;135;123;Comuna 1;2007;1;Ciudad Autónoma de Buenos Aires;2
1873;1;1873;2262235569;2401;Hotel Aries;-58,404522;-34,609464;6;245;Comuna 14;2098;1;Ciudad Autónoma de Buenos Aires;2
1874;1;1874;2262235572;2401;Hotel Atelier;-58,3768455;-34,596803;135;123;Comuna 1;2007;1;Ciudad Autónoma de Buenos Aires;2
1875;1;1875;2262235575;2401;Hotel Avenida;-58,378816;-34,608486;135;123;Comuna 1;2007;1;Ciudad Autónoma de Buenos Aires;2
1876;1;1876;2262235578;2401;Hotel Ayamitre;-58,3851716;-34,6094548;253;242;Comuna 3;2021;1;Ciudad Autónoma de Buenos Aires;2
1877;1;1877;2262235581;2401;Hotel Azul;-58,382802;-34,608462;253;242;Comuna 3;2021;1;Ciudad Autónoma de Buenos Aires;2
1878;1;1878;2262235584;2401;Hotel Bel Air;-58,3747677;-34,6023397;227;204;Comuna 2;2014;1;Ciudad Autónoma de Buenos Aires;2
1879;1;1879;2262235587;2401;Hotel Blanro * *;-58,431979;-34,594389;253;242;Comuna 3;2021;1;Ciudad Autónoma de Buenos Aires;2
1880;1;1880;2262235591;2401;Hotel Boutique Casa Las Cañitas;-58,389426;-34,606121;6;245;Comuna 14;2098;1;Ciudad Autónoma de Buenos Aires;2
1881;1;1881;2262235595;2401;Hotel Carlton;-58,4147342;-34,6094997;135;123;Comuna 1;2007;1;Ciudad Autónoma de Buenos Aires;2
1882;1;1882;2262235600;2401;Hotel Central;-58,3797387;-34,6087488;253;242;Comuna 3;2021;1;Ciudad Autónoma de Buenos Aires;2
1883;1;1883;2262235606;2401;Hotel Cosme;-58,3906714;-34,6059384;135;123;Comuna 1;2007;1;Ciudad Autónoma de Buenos Aires;2
1884;1;1884;2262235609;2401;Hotel Costa Rica;-58,3991795;-34,5969075;6;245;Comuna 14;2098;1;Ciudad Autónoma de Buenos Aires;2
1885;1;1885;2262235613;2401;Hotel Cristoforo Colombo;-58,379531;-34,5930001;6;245;Comuna 14;2098;1;Ciudad Autónoma de Buenos Aires;2
1886;1;1886;2262235622;2401;Hotel Derby;-58,4231243;-34,5971583;253;242;Comuna 3;2021;1;Ciudad Autónoma de Buenos Aires;2
1887;1;1887;2262235628;2401;Hotel El Cabildo;-58,383321;-34,611558;135;123;Comuna 1;2007;1;Ciudad Autónoma de Buenos Aires;2
1888;1;1888;2262235631;2401;Hotel Europa;-58,3752519;-34,6084826;135;123;Comuna 1;2007;1;Ciudad Autónoma de Buenos Aires;2
1889;1;1889;2262235642;2401;Hotel Gran Sarmiento;-58,395058;-34,608063;253;242;Comuna 3;2021;1;Ciudad Autónoma de Buenos Aires;2
1890;1;1890;2262235645;2401;Hotel Gran Vía;-58,3965037;-34,6083696;135;123;Comuna 1;2007;1;Ciudad Autónoma de Buenos Aires;2
1891;1;1891;2262235651;2401;Hotel Imperial Park;-58,3880903;-34,5947862;135;123;Comuna 1;2007;1;Ciudad Autónoma de Buenos Aires;2
1892;1;1892;2262235657;2401;Hotel La Barca;-58,397051;-34,600252;253;242;Comuna 3;2021;1;Ciudad Autónoma de Buenos Aires;2
1893;1;1893;2262235660;2401;Hotel La Cayetana;-58,431639;-34,572933;135;123;Comuna 1;2007;1;Ciudad Autónoma de Buenos Aires;2
1894;1;1894;2262235666;2401;Hotel Las Naciones;-58,3844695;-34,594802;135;123;Comuna 1;2007;1;Ciudad Autónoma de Buenos Aires;2
1895;1;1895;2262235669;2401;Hotel Lennox Buenos Aires;-58,396968;-34,60393;135;123;Comuna 1;2007;1;Ciudad Autónoma de Buenos Aires;2
1896;1;1896;2262235672;2401;Hotel Lion D'or;-58,3776027;-34,6268777;227;204;Comuna 2;2014;1;Ciudad Autónoma de Buenos Aires;2
1897;1;1897;2262235676;2401;Hotel Loi Suites Arenales;-58,42115;-34,5914941;135;123;Comuna 1;2007;1;Ciudad Autónoma de Buenos Aires;2
1898;1;1898;2262235679;2401;Hotel Lolahouse;-58,421855;-34,57673;140;125;Comuna 5;2035;1;Ciudad Autónoma de Buenos Aires;2
1899;1;1899;2262235682;2401;Hotel Lyon ***;-58,397833;-34,606447;253;242;Comuna 3;2021;1;Ciudad Autónoma de Buenos Aires;2
1900;1;1900;2262235685;2401;Hotel Madrid;-58,3774147;-34,6022829;135;123;Comuna 1;2007;1;Ciudad Autónoma de Buenos Aires;2
1901;1;1901;2262235687;2401;Hotel Majestic;-58,384848;-34,607514;135;123;Comuna 1;2007;1;Ciudad Autónoma de Buenos Aires;2
1902;1;1902;2262235690;2401;Hotel Marbella;-58,3935653;-34,6058529;135;123;Comuna 1;2007;1;Ciudad Autónoma de Buenos Aires;2
1903;1;1903;2262235693;2401;Hotel Milán;-58,3870966;-34,6054456;135;123;Comuna 1;2007;1;Ciudad Autónoma de Buenos Aires;2
1904;1;1904;2262235696;2401;Hotel Mitre;-58,3820907;-34,6096351;253;242;Comuna 3;2021;1;Ciudad Autónoma de Buenos Aires;2
1905;1;1905;2262235699;2401;Hotel Muñiz;-58,400919;-34,612265;156;127;Comuna 10;2070;1;Ciudad Autónoma de Buenos Aires;2
1906;1;1906;2262235706;2401;Hotel Napoleon;-58,385244;-34,615512;135;123;Comuna 1;2007;1;Ciudad Autónoma de Buenos Aires;2
1907;1;1907;2262235712;2401;Hotel Orense;-58,3782372;-34,603669;135;123;Comuna 1;2007;1;Ciudad Autónoma de Buenos Aires;2
1908;1;1908;2262235715;2401;Hotel Orly;-58,384878;-34,608173;135;123;Comuna 1;2007;1;Ciudad Autónoma de Buenos Aires;2
1909;1;1909;2262235718;2401;Hotel Pacifico;-58,3950317;-34,5907049;6;245;Comuna 14;2098;1;Ciudad Autónoma de Buenos Aires;2
1910;1;1910;2262235726;2401;Hotel Parada;-58,3793511;-34,5940063;135;123;Comuna 1;2007;1;Ciudad Autónoma de Buenos Aires;2
1911;1;1911;2262235736;2401;Hotel Principado;-58,419012;-34,625528;135;123;Comuna 1;2007;1;Ciudad Autónoma de Buenos Aires;2
1912;1;1912;2262235739;2401;Hotel Real Splendid;-58,393422;-34,606747;152;126;Comuna 7;2049;1;Ciudad Autónoma de Buenos Aires;2
1913;1;1913;2262235742;2401;Hotel Real;-58,3824825;-34,6088007;253;242;Comuna 3;2021;1;Ciudad Autónoma de Buenos Aires;2
1914;1;1914;2262235745;2401;Hotel Regis Orho;-58,3834821;-34,6071804;135;123;Comuna 1;2007;1;Ciudad Autónoma de Buenos Aires;2
1915;1;1915;2262235747;2401;Hotel Rey;-58,3843217;-34,6090749;253;242;Comuna 3;2021;1;Ciudad Autónoma de Buenos Aires;2
1916;1;1916;2262235750;2401;Hotel San Carlos;-58,3892173;-34,6052361;136;124;Comuna 4;2028;1;Ciudad Autónoma de Buenos Aires;2
1917;1;1917;2262235755;2401;Hotel Sarmiento Palace;-58,404948;-34,608683;253;242;Comuna 3;2021;1;Ciudad Autónoma de Buenos Aires;2
1918;1;1918;2262235758;2401;Hotel Sarum;-58,480396;-34,633112;229;209;Comuna 13;2091;1;Ciudad Autónoma de Buenos Aires;2
1919;1;1919;2262235760;2401;Hotel Siena;-58,385736;-34,608945;135;123;Comuna 1;2007;1;Ciudad Autónoma de Buenos Aires;2
1920;1;1920;2262235761;2401;Hotel Splendid;-58,3856461;-34,6076817;135;123;Comuna 1;2007;1;Ciudad Autónoma de Buenos Aires;2
1921;1;1921;2262235762;2401;Hotel Sures Belgrano Suites;-58,3739675;-34,597544;229;209;Comuna 13;2091;1;Ciudad Autónoma de Buenos Aires;2
1922;1;1922;2262235765;2401;Hotel 474 Buenos Aires;-58,4238845;-34,5786002;135;123;Comuna 1;2007;1;Ciudad Autónoma de Buenos Aires;2
1923;1;1923;2262235768;2401;Hotel Torre;-58,384545;-34,608504;509;503;Comuna 15;2105;1;Ciudad Autónoma de Buenos Aires;2
1924;1;1924;2262235770;2401;Hotel Turista;-58,3738136;-34,5973154;135;123;Comuna 1;2007;1;Ciudad Autónoma de Buenos Aires;2
1925;1;1925;2262235772;2401;Hotel Ultra Buenos Aires;-58,467682;-34,631674;6;245;Comuna 14;2098;1;Ciudad Autónoma de Buenos Aires;2
1926;1;1926;2262235775;2401;Hotel Las Americas;-58,3935361;-34,606551;135;123;Comuna 1;2007;1;Ciudad Autónoma de Buenos Aires;2
1927;1;1927;2262235777;2401;Hotel de la Rue;-58,3784215;-34,6022596;229;209;Comuna 13;2091;1;Ciudad Autónoma de Buenos Aires;2
1928;1;1928;2262235787;2401;Hoteles Microtel Inn;-58,393325;-34,614664;6;245;Comuna 14;2098;1;Ciudad Autónoma de Buenos Aires;2
1929;1;1929;2262235790;2401;Hoteles de Argentina;-58,393754;-34,651433;135;123;Comuna 1;2007;1;Ciudad Autónoma de Buenos Aires;2
1930;1;1930;2262235793;2401;Howard Johnson Inn;-58,39445;-34,605724;253;242;Comuna 3;2021;1;Ciudad Autónoma de Buenos Aires;2
1931;1;1931;2262235806;2401;Icaro Suites;-58,4629338;-34,5542908;135;123;Comuna 1;2007;1;Ciudad Autónoma de Buenos Aires;2
1932;1;1932;2262235810;2401;Jam Suites Hotel;-58,3886164;-34,606695;6;245;Comuna 14;2098;1;Ciudad Autónoma de Buenos Aires;2
1933;1;1933;2262235812;2401;Juncal Palace Hotel;-58,379927;-34,608516;227;204;Comuna 2;2014;1;Ciudad Autónoma de Buenos Aires;2
1934;1;1934;2262235815;2401;Ker Belgrano Hotel & Spa;-58,4642622;-34,5553533;229;209;Comuna 13;2091;1;Ciudad Autónoma de Buenos Aires;2
1935;1;1935;2262235822;2401;Ker Recoleta Hotel & Spa;-58,373974;-34,602436;135;123;Comuna 1;2007;1;Ciudad Autónoma de Buenos Aires;2
1936;1;1936;2262235825;2401;Koten;-58,4536863;-34,5873478;6;245;Comuna 14;2098;1;Ciudad Autónoma de Buenos Aires;2
1937;1;1937;2262235828;2401;La Cascada Townhouse Hotel;-58,3761866;-34,6088394;229;209;Comuna 13;2091;1;Ciudad Autónoma de Buenos Aires;2
1938;1;1938;2262235832;2401;Hotel Boutique Le Vitral Baires;-58,430515;-34,589822;253;242;Comuna 3;2021;1;Ciudad Autónoma de Buenos Aires;2
1939;1;1939;2262235835;2401;Legado Mitico;-58,3843581;-34,5962979;6;245;Comuna 14;2098;1;Ciudad Autónoma de Buenos Aires;2
1940;1;1940;2262235838;2401;Loi Suites Recoleta Hotel;-58,461531;-34,569751;227;204;Comuna 2;2014;1;Ciudad Autónoma de Buenos Aires;2
1941;1;1941;2262235840;2401;Mari Plaza Hotel;-58,3960204;-34,5696082;253;242;Comuna 3;2021;1;Ciudad Autónoma de Buenos Aires;2
1942;1;1942;2262235843;2401;Medrano Plaza Hotel;-58,3784003;-34,603676;140;125;Comuna 5;2035;1;Ciudad Autónoma de Buenos Aires;2
1943;1;1943;2262235845;2401;Miravida Soho;-58,398331;-34,608257;6;245;Comuna 14;2098;1;Ciudad Autónoma de Buenos Aires;2
1944;1;1944;2262235848;2401;Moreno Hotel Buenos Aires;-58,389437;-34,606155;135;123;Comuna 1;2007;1;Ciudad Autónoma de Buenos Aires;2
1945;1;1945;2262235854;2401;Nuñez Suites SRL;-58,428785;-34,591798;229;209;Comuna 13;2091;1;Ciudad Autónoma de Buenos Aires;2
1946;1;1946;2262235857;2401;Obelisco Center Suites;-58,3997547;-34,5921942;135;123;Comuna 1;2007;1;Ciudad Autónoma de Buenos Aires;2
1947;1;1947;2262235860;2401;Once Plaza Hotel;-58,460669;-34,555491;253;242;Comuna 3;2021;1;Ciudad Autónoma de Buenos Aires;2
1948;1;1948;2262235863;2401;Onze Hotel Boutique;-58,386583;-34,5970987;227;204;Comuna 2;2014;1;Ciudad Autónoma de Buenos Aires;2
1949;1;1949;2262235866;2401;Palacio Duhau - Park Hyatt Buenos Aires;-58,424076;-34,581134;227;204;Comuna 2;2014;1;Ciudad Autónoma de Buenos Aires;2
1950;1;1950;2262235869;2401;Palermo Suites Buenos Aires;-58,472542;-34,54115;6;245;Comuna 14;2098;1;Ciudad Autónoma de Buenos Aires;2
1951;1;1951;2262235872;2401;Pampa Plaza Hotel;-58,3950482;-34,6061603;229;209;Comuna 13;2091;1;Ciudad Autónoma de Buenos Aires;2
1952;1;1952;2262235881;2401;Plaza Francia;-58,426798;-34,587664;227;204;Comuna 2;2014;1;Ciudad Autónoma de Buenos Aires;2
1953;1;1953;2262235886;2401;Posada Gotan;-58,39244;-34,589546;253;242;Comuna 3;2021;1;Ciudad Autónoma de Buenos Aires;2
1954;1;1954;2262235891;2401;Del Prado;-58,395265;-34,608098;227;204;Comuna 2;2014;1;Ciudad Autónoma de Buenos Aires;2
1955;1;1955;2262235896;2401;Regente Palace Hotel;-58,4203599;-34,5998255;135;123;Comuna 1;2007;1;Ciudad Autónoma de Buenos Aires;2
1956;1;1956;2262235905;2401;Room Mate Carlos;-58,427701;-34,584286;135;123;Comuna 1;2007;1;Ciudad Autónoma de Buenos Aires;2
1957;1;1957;2262235921;2401;The Glu Hotel;-58,3725658;-34,6112723;6;245;Comuna 14;2098;1;Ciudad Autónoma de Buenos Aires;2
1958;1;1958;2262235922;2401;Tres Sargentos Hotel;-58,4649047;-34,5483368;135;123;Comuna 1;2007;1;Ciudad Autónoma de Buenos Aires;2
1959;1;1959;2262235923;2401;Unique Madero Hotel;-58,3805828;-34,6040864;135;123;Comuna 1;2007;1;Ciudad Autónoma de Buenos Aires;2
1960;1;1960;2262235924;2401;Urbanica Suites;-58,4044167;-34,6132768;229;209;Comuna 13;2091;1;Ciudad Autónoma de Buenos Aires;2
1961;1;1961;2262235925;2401;Vain Boutique Hotel;-58,402758;-34,591584;6;245;Comuna 14;2098;1;Ciudad Autónoma de Buenos Aires;2
1962;1;1962;2262235926;2401;Viamonte Suites;-58,3863661;-34,5893389;135;123;Comuna 1;2007;1;Ciudad Autónoma de Buenos Aires;2
1963;1;1963;2262235928;2401;Abasto Plaza Hotel;-58,4237644;-34,5789545;253;242;Comuna 3;2021;1;Ciudad Autónoma de Buenos Aires;2
1964;1;1964;2262235929;2401;725 Continental;-58,4371123;-34,5545481;135;123;Comuna 1;2007;1;Ciudad Autónoma de Buenos Aires;2
1965;1;1965;2262247913;2401;Hotel Céspedes;-58,3886115;-34,5855389;229;209;Comuna 13;2091;1;Ciudad Autónoma de Buenos Aires;2
1966;1;1966;2262247914;2401;Hotel Aguilar;-58,411727;-34,629403;229;209;Comuna 13;2091;1;Ciudad Autónoma de Buenos Aires;2
1968;1;1968;2263964248;2401;Ayacucho Palace Hotel;-58,379977;-34,596962;227;204;Comuna 2;2014;1;Ciudad Autónoma de Buenos Aires;2
1970;1;1970;2279649224;2401; ;-58,432159;-34,589199;229;209;Comuna 13;2091;1;Ciudad Autónoma de Buenos Aires;2
1971;1;1971;2286262630;2401;NH Florida;-58,3723008;-34,5976788;135;123;Comuna 1;2007;1;Ciudad Autónoma de Buenos Aires;2
2267;1;2267;2471579985;2401;Howard Jonhson Boutique Hotel Recoleta;-64,4026607;-32,2063062;227;204;Comuna 2;2014;1;Ciudad Autónoma de Buenos Aires;2
2270;1;2270;2482179564;2401;Duomi Plaza Hotel;-62,4220629;-37,0155336;135;123;Comuna 1;2007;1;Ciudad Autónoma de Buenos Aires;2
2271;1;2271;2490944156;2401;Prodeo Hotel + Lounge;-68,8278119;-32,8958088;6;245;Comuna 14;2098;1;Ciudad Autónoma de Buenos Aires;2
2308;1;2308;2565811934;2401;1828 Smart Hotel;-59,4597329;-34,2490582;6;245;Comuna 14;2098;1;Ciudad Autónoma de Buenos Aires;2
2318;1;2318;2582816327;2401;Hostel Downtownmate;-71,5320875;-41,9573105;135;123;Comuna 1;2007;1;Ciudad Autónoma de Buenos Aires;2
2323;1;2323;2586928894;2401;Patios de San Telmo;-67,4786857;-45,8624324;135;123;Comuna 1;2007;1;Ciudad Autónoma de Buenos Aires;2
2376;1;2376;2642006340;2401;Hotel Tandil;-56,8667328;-37,1105597;135;123;Comuna 1;2007;1;Ciudad Autónoma de Buenos Aires;2
2378;1;2378;2643722370;2401;La Argentina Hotel;-56,8677485;-37,1112543;135;123;Comuna 1;2007;1;Ciudad Autónoma de Buenos Aires;2
2383;1;2383;2670100250;2401;Gran Hotel España;-71,6747975;-40,7357067;135;123;Comuna 1;2007;1;Ciudad Autónoma de Buenos Aires;2
2391;1;2391;2683721582;2401;Hotel Sheltown;-58,3784014;-34,6089988;135;123;Comuna 1;2007;1;Ciudad Autónoma de Buenos Aires;2
2397;1;2397;2692837181;2401;Hotel Bolívar;-68,2268035;-29,3400735;135;123;Comuna 1;2007;1;Ciudad Autónoma de Buenos Aires;2
2438;1;2438;2726498169;2401;Mansion Dandi Royal;-64,495505;-31,4220925;135;123;Comuna 1;2007;1;Ciudad Autónoma de Buenos Aires;2
2454;1;2454;2834771935;2401;Tucumán Palace Hotel;-68,845498;-32,886099;135;123;Comuna 1;2007;1;Ciudad Autónoma de Buenos Aires;2
2480;1;2480;2928701002;2401;Hotel Congreso;-61,9397676;-29,8775135;143;129;Comuna 12;2084;1;Ciudad Autónoma de Buenos Aires;2
2489;1;2489;2948687542;2401;Hotel Impala;-65,2097661;-26,8212966;135;123;Comuna 1;2007;1;Ciudad Autónoma de Buenos Aires;2
2513;1;2513;2998119678;2401;Holiday Inn Express;-58,0864959;-29,1819528;135;123;Comuna 1;2007;1;Ciudad Autónoma de Buenos Aires;2
2514;1;2514;2998119684;2401;Ribera Azul Hotel;-58,0737309;-29,1853925;135;123;Comuna 1;2007;1;Ciudad Autónoma de Buenos Aires;2
2552;1;2552;3075924121;2401;Palermo Soho Loft – Hotel Boutique;-59,0381366;-28,5062433;6;245;Comuna 14;2098;1;Ciudad Autónoma de Buenos Aires;2
2557;1;2557;3098996541;2401;Hotel Rich;-54,7979844;-26,5690104;6;245;Comuna 14;2098;1;Ciudad Autónoma de Buenos Aires;2
2561;1;2561;3111486341;2401;Hotel Gorriti;-57,9975075;-30,076659;6;245;Comuna 14;2098;1;Ciudad Autónoma de Buenos Aires;2
2562;1;2562;3111491331;2401;Bys;-71,4392392;-41,1686604;6;245;Comuna 14;2098;1;Ciudad Autónoma de Buenos Aires;2
2566;1;2566;3132292330;2401;Eva Perón;-58,4304769;-34,591405;140;125;Comuna 5;2035;1;Ciudad Autónoma de Buenos Aires;2
2579;1;2579;3153516961;2401;Hotel Miño;-62,6617013;-39,5243528;227;204;Comuna 2;2014;1;Ciudad Autónoma de Buenos Aires;2
2592;1;2592;3168951862;2401;Suipacha Suites;-60,5028;-31,7209777;135;123;Comuna 1;2007;1;Ciudad Autónoma de Buenos Aires;2
2593;1;2593;3169459861;2401;Hotel Pulitzer;-58,4114539;-34,5956555;135;123;Comuna 1;2007;1;Ciudad Autónoma de Buenos Aires;2
2596;1;2596;3170956546;2401;Waldorf Hotel;-68,8510074;-32,8840812;135;123;Comuna 1;2007;1;Ciudad Autónoma de Buenos Aires;2
2600;1;2600;3172208863;2401;Alevar Art Hotel;-68,8496571;-32,8840987;135;123;Comuna 1;2007;1;Ciudad Autónoma de Buenos Aires;2
2605;1;2605;3175778461;2401;CasaCalma;-64,4752517;-31,1142059;135;123;Comuna 1;2007;1;Ciudad Autónoma de Buenos Aires;2
2606;1;2606;3175785661;2401;Leonardo da Vinci Residence;-58,3798715;-34,5936565;135;123;Comuna 1;2007;1;Ciudad Autónoma de Buenos Aires;2
2607;1;2607;3175862767;2401;Hotel Boca;-58,3768215;-34,5975113;135;123;Comuna 1;2007;1;Ciudad Autónoma de Buenos Aires;2
2608;1;2608;3176668462;2401;Plaza San Martin;-71,643228;-40,7679945;135;123;Comuna 1;2007;1;Ciudad Autónoma de Buenos Aires;2
2611;1;2611;3181753730;2401;Central Cordoba;-64,5249838;-30,8604291;135;123;Comuna 1;2007;1;Ciudad Autónoma de Buenos Aires;2
2612;1;2612;3181753731;2401;Promenade;-64,5230296;-30,8599987;135;123;Comuna 1;2007;1;Ciudad Autónoma de Buenos Aires;2
2613;1;2613;3183374961;2401;Aspen Towers;-64,5261175;-30,8562295;135;123;Comuna 1;2007;1;Ciudad Autónoma de Buenos Aires;2
2614;1;2614;3184670861;2401;Diplomat;-58,3800593;-34,5958574;135;123;Comuna 1;2007;1;Ciudad Autónoma de Buenos Aires;2
2617;1;2617;3189361060;2401;Marseille des Anges;-68,0697649;-38,9540381;135;123;Comuna 1;2007;1;Ciudad Autónoma de Buenos Aires;2
2619;1;2619;3192181326;2401;Park Château Hotel;-58,379704;-34,5966517;135;123;Comuna 1;2007;1;Ciudad Autónoma de Buenos Aires;2
2628;1;2628;3205426271;2401;Cyan Hotel;-58,3743773;-34,5972653;227;204;Comuna 2;2014;1;Ciudad Autónoma de Buenos Aires;2
2631;1;2631;3209007929;2401;Hotel O-Baires;-58,3871921;-34,594766;227;204;Comuna 2;2014;1;Ciudad Autónoma de Buenos Aires;2
2654;1;2654;3243341061;2401;Darriex;-68,827957;-33,0090332;227;204;Comuna 2;2014;1;Ciudad Autónoma de Buenos Aires;2
2693;1;2693;3291483361;2401;Hostel Rock;-58,3180428;-31,7927061;135;123;Comuna 1;2007;1;Ciudad Autónoma de Buenos Aires;2
2759;1;2759;3358590110;2401;Petit Hotel El Vitraux;-64,5293715;-30,853757;135;123;Comuna 1;2007;1;Ciudad Autónoma de Buenos Aires;2
2887;1;2887;3515819695;2401;Hotel familiar de F. Castaño;-68,8380024;-32,8804662;6;245;Comuna 14;2098;1;Ciudad Autónoma de Buenos Aires;2
2922;1;2922;3641671892;2401;Llongueras Academia;-64,3838627;-36,6776799;135;123;Comuna 1;2007;1;Ciudad Autónoma de Buenos Aires;2
3020;1;3020;3826551161;2401;Vista Sol;-58,2397624;-32,1938893;135;123;Comuna 1;2007;1;Ciudad Autónoma de Buenos Aires;2
3037;1;3037;3859139058;2401;Mordomo;-63,064311;-31,3688486;229;209;Comuna 13;2091;1;Ciudad Autónoma de Buenos Aires;2
3039;1;3039;3872058749;2401;L'Hotel Palermo;-64,5244559;-30,8584558;6;245;Comuna 14;2098;1;Ciudad Autónoma de Buenos Aires;2
3060;1;3060;3911317681;2401;Hotel Babel;-67,6890858;-34,9698427;135;123;Comuna 1;2007;1;Ciudad Autónoma de Buenos Aires;2
3115;1;3115;4017234399;2401;Hotel Key's;-66,8527169;-29,4143499;6;245;Comuna 14;2098;1;Ciudad Autónoma de Buenos Aires;2
3116;1;3116;4018793192;2401;Centuria Hotel;-57,5477174;-37,9950531;135;123;Comuna 1;2007;1;Ciudad Autónoma de Buenos Aires;2
3123;1;3123;4041125709;2401;Hotel Micky;-59,1198206;-37,3212993;135;123;Comuna 1;2007;1;Ciudad Autónoma de Buenos Aires;2
3163;1;3163;4107169290;2401;Sofitel Buenos Aires Recoleta;-68,857766;-32,8837675;135;123;Comuna 1;2007;1;Ciudad Autónoma de Buenos Aires;2
3188;1;3188;4152326989;2401;NH Crillon;-64,5145582;-37,118949;135;123;Comuna 1;2007;1;Ciudad Autónoma de Buenos Aires;2
3193;1;3193;4153633543;2401; ;-60,6153736;-25,9464546;253;242;Comuna 3;2021;1;Ciudad Autónoma de Buenos Aires;2
3221;1;3221;4190990789;2401;Hotel Athos;-54,5664979;-25,6033046;135;123;Comuna 1;2007;1;Ciudad Autónoma de Buenos Aires;2
3252;1;3252;4222735194;2401;Espacio Barrancas;-69,8953801;-29,4094112;229;209;Comuna 13;2091;1;Ciudad Autónoma de Buenos Aires;2
3256;1;3256;4230170690;2401;Hotel Asociación Mutual Docentes del Chaco;-64,9771513;-25,7985397;253;242;Comuna 3;2021;1;Ciudad Autónoma de Buenos Aires;2
3272;1;3272;4246346491;2401;Rochester Hotel M;-66,2221141;-25,0982875;135;123;Comuna 1;2007;1;Ciudad Autónoma de Buenos Aires;2
3284;1;3284;4250452204;2401;Callao Suites;-65,4044513;-24,7914063;227;204;Comuna 2;2014;1;Ciudad Autónoma de Buenos Aires;2
3286;1;3286;4251059290;2401;Palermo Place Hotel;-58,0731923;-31,0323323;6;245;Comuna 14;2098;1;Ciudad Autónoma de Buenos Aires;2
3287;1;3287;4251321809;2401;HR Luxor Hotel Buenos Aires;-61,9407384;-29,8764991;135;123;Comuna 1;2007;1;Ciudad Autónoma de Buenos Aires;2
3299;1;3299;4264866121;2401;Be Trimos;-60,1557042;-32,6189135;135;123;Comuna 1;2007;1;Ciudad Autónoma de Buenos Aires;2
3326;1;3326;4317588711;2401;Pizarro;-71,5989497;-40,7895238;156;127;Comuna 10;2070;1;Ciudad Autónoma de Buenos Aires;2
3330;1;3330;4319498278;2401;Hotel La Piedad;-67,6939507;-34,9814798;135;123;Comuna 1;2007;1;Ciudad Autónoma de Buenos Aires;2
3331;1;3331;4319667696;2401;Vía Via;-60,8855862;-35,4462017;135;123;Comuna 1;2007;1;Ciudad Autónoma de Buenos Aires;2
3333;1;3333;4323943090;2401;Uruguay;-61,841867;-26,2300291;135;123;Comuna 1;2007;1;Ciudad Autónoma de Buenos Aires;2
3335;1;3335;4328013094;2401;Hotel Reina;-57,9310837;-30,9796414;135;123;Comuna 1;2007;1;Ciudad Autónoma de Buenos Aires;2
3337;1;3337;4331592691;2401;AWWA HOTEL;-64,5380855;-32,067274;6;245;Comuna 14;2098;1;Ciudad Autónoma de Buenos Aires;2
3368;1;3368;4357918516;2401;American Towers;-66,3675779;-23,3976187;135;123;Comuna 1;2007;1;Ciudad Autónoma de Buenos Aires;2
3389;1;3389;4380063591;2401;Hotel Boutique Racó de Buenos Aires;-65,5624979;-25,4543633;140;125;Comuna 5;2035;1;Ciudad Autónoma de Buenos Aires;2
3393;1;3393;4387044189;2401;hotel géminis;-60,1668352;-35,4332894;253;242;Comuna 3;2021;1;Ciudad Autónoma de Buenos Aires;2
3447;1;3447;4449467191;2401;Castelar Hotel Spa;-64,978831;-25,4917299;135;123;Comuna 1;2007;1;Ciudad Autónoma de Buenos Aires;2
3509;1;3509;4551703276;2401;Argenta Suites Belgrano;-58,1581701;-32,2067251;229;209;Comuna 13;2091;1;Ciudad Autónoma de Buenos Aires;2
3512;1;3512;4557873896;2401;Imperial Park;-71,3553268;-41,1265525;135;123;Comuna 1;2007;1;Ciudad Autónoma de Buenos Aires;2
3520;1;3520;4564172678;2401;Casablanca;-64,1580171;-31,4329426;135;123;Comuna 1;2007;1;Ciudad Autónoma de Buenos Aires;2
3521;1;3521;4564223293;2401;Hotel Lima;-71,3164828;-41,1395044;135;123;Comuna 1;2007;1;Ciudad Autónoma de Buenos Aires;2
3523;1;3523;4565076889;2401; ;-61,1136104;-36,2290432;227;204;Comuna 2;2014;1;Ciudad Autónoma de Buenos Aires;2
3540;1;3540;4586107098;2401; ;-69,2418016;-51,6261579;135;123;Comuna 1;2007;1;Ciudad Autónoma de Buenos Aires;2
3557;1;3557;4602463027;2401;Apart Hotel Legreño;-61,5211064;-34,8603867;135;123;Comuna 1;2007;1;Ciudad Autónoma de Buenos Aires;2
3577;1;3577;4635304501;2401;Maítre;-67,6206776;-27,6921833;6;245;Comuna 14;2098;1;Ciudad Autónoma de Buenos Aires;2
3609;1;3609;4676824393;2401;Columbia Palace Hotel;-65,1370264;-28,6368427;135;123;Comuna 1;2007;1;Ciudad Autónoma de Buenos Aires;2
3615;1;3615;4683530377;2401;Novotel Buenos Aires;-56,677768;-36,7211334;135;123;Comuna 1;2007;1;Ciudad Autónoma de Buenos Aires;2
3616;1;3616;4683530378;2401;Hotel Ibis Buenos Aires Obelisco;-56,6746183;-36,72155;135;123;Comuna 1;2007;1;Ciudad Autónoma de Buenos Aires;2
3618;1;3618;4690601189;2401;Pinot;-68,3227801;-54,8112486;99;82;Comuna 6;2042;1;Ciudad Autónoma de Buenos Aires;2
3621;1;3621;4692571314;2401;Hotel Caray;-65,3990188;-24,7932245;253;242;Comuna 3;2021;1;Ciudad Autónoma de Buenos Aires;2
3626;1;3626;4696746131;2401;Hotel Acis;-64,444972;-32,178661;253;242;Comuna 3;2021;1;Ciudad Autónoma de Buenos Aires;2
3627;1;3627;4698230413;2401;Liberty Hotel;-56,6743076;-36,7220819;135;123;Comuna 1;2007;1;Ciudad Autónoma de Buenos Aires;2
3629;1;3629;4699496092;2401;NH Jousten;-65,2204281;-24,2610172;135;123;Comuna 1;2007;1;Ciudad Autónoma de Buenos Aires;2
3630;1;3630;4699655223;2401;Luey;-71,363696;-41,1327943;253;242;Comuna 3;2021;1;Ciudad Autónoma de Buenos Aires;2
3631;1;3631;4699671241;2401;Du Helder;-71,3107548;-40,0608137;135;123;Comuna 1;2007;1;Ciudad Autónoma de Buenos Aires;2
3632;1;3632;4699693772;2401;Hotel Los Angeles;-65,0032494;-31,7185906;253;242;Comuna 3;2021;1;Ciudad Autónoma de Buenos Aires;2
3635;1;3635;4702602255;2401;Luco;-58,3858207;-34,6041298;227;204;Comuna 2;2014;1;Ciudad Autónoma de Buenos Aires;2
3637;1;3637;4703935997;2401;Sarmiento Suites;-58,4382909;-34,6086464;135;123;Comuna 1;2007;1;Ciudad Autónoma de Buenos Aires;2
3638;1;3638;4704502170;2401;Hotel;-65,0198594;-42,7886999;140;125;Comuna 5;2035;1;Ciudad Autónoma de Buenos Aires;2
3666;1;3666;4734699121;2401;Tango hotel;-59,120158;-34,5632267;135;123;Comuna 1;2007;1;Ciudad Autónoma de Buenos Aires;2
3693;1;3693;4788714141;2401;Victory;-64,1768072;-31,4162548;135;123;Comuna 1;2007;1;Ciudad Autónoma de Buenos Aires;2
3706;1;3706;4823249703;2401;Urbanidad Thread Libertador Hotel;-66,0520371;-21,9447026;229;209;Comuna 13;2091;1;Ciudad Autónoma de Buenos Aires;2
3717;1;3717;4830907858;2401;Hotel Los 3 Reyes;-66,9828017;-27,5005455;135;123;Comuna 1;2007;1;Ciudad Autónoma de Buenos Aires;2
3718;1;3718;4830907875;2401;Hotel Intersur;-62,9673031;-28,5854949;135;123;Comuna 1;2007;1;Ciudad Autónoma de Buenos Aires;2
3721;1;3721;4844311871;2401;Hotel Parks;-58,0581872;-29,7908534;135;123;Comuna 1;2007;1;Ciudad Autónoma de Buenos Aires;2
3730;1;3730;4865402645;2401;Park Silver Obelisco Hotel;-65,2176597;-22,7921144;135;123;Comuna 1;2007;1;Ciudad Autónoma de Buenos Aires;2
3758;1;3758;4932499527;2401;Santa Marta;-54,184443;-27,2500287;229;209;Comuna 13;2091;1;Ciudad Autónoma de Buenos Aires;2
3817;1;3817;5007354522;2401; ;-63,793657;-22,4975227;6;245;Comuna 14;2098;1;Ciudad Autónoma de Buenos Aires;2
3830;1;3830;5033546222;2401;Apart Hotel & Spa Congreso;-64,614674;-32,0496922;253;242;Comuna 3;2021;1;Ciudad Autónoma de Buenos Aires;2
3877;1;3877;5109655926;2401; ;-54,5702802;-25,5948051;135;123;Comuna 1;2007;1;Ciudad Autónoma de Buenos Aires;2
3953;1;3953;5201104923;2401;Hotel Facon Grande;-64,2633247;-36,6184986;135;123;Comuna 1;2007;1;Ciudad Autónoma de Buenos Aires;2
3956;1;3956;5207111725;2401;Hotel Reconquista Garden;-66,1707551;-25,633007;135;123;Comuna 1;2007;1;Ciudad Autónoma de Buenos Aires;2
4002;1;4002;5295902656;2401;Hotel 11 de Octubre;-67,4920422;-29,1651963;253;242;Comuna 3;2021;1;Ciudad Autónoma de Buenos Aires;2
4042;1;4042;5355224233;2401;Suipacha Inn;-65,7802491;-25,1847485;135;123;Comuna 1;2007;1;Ciudad Autónoma de Buenos Aires;2
4043;1;4043;5355252001;2401;Defensa Suites;-71,3258466;-41,1312396;135;123;Comuna 1;2007;1;Ciudad Autónoma de Buenos Aires;2
4078;1;4078;5410973408;2401;Grand Petit Casa Hotel;-71,4435476;-41,1032202;227;204;Comuna 2;2014;1;Ciudad Autónoma de Buenos Aires;2
4088;1;4088;5442678321;2401;554 hotel bauen;-58,8319743;-27,4700989;253;242;Comuna 3;2021;1;Ciudad Autónoma de Buenos Aires;2
4126;1;4126;5465525318;2401;Hotel Principe;-64,4922674;-31,4164384;227;204;Comuna 2;2014;1;Ciudad Autónoma de Buenos Aires;2
4271;1;4271;5695690122;2401;Hotel Chipre;-62,4146726;-27,6440298;135;123;Comuna 1;2007;1;Ciudad Autónoma de Buenos Aires;2
4277;1;4277;5714429321;2401;Hotel Esmeralda;-57,5405567;-27,9881664;135;123;Comuna 1;2007;1;Ciudad Autónoma de Buenos Aires;2
4283;1;4283;5732481321;2401; ;-59,441778;-31,3406268;6;245;Comuna 14;2098;1;Ciudad Autónoma de Buenos Aires;2
4311;1;4311;5757436468;2401;Hotel Vesubio;-68,8263916;-32,8942564;253;242;Comuna 3;2021;1;Ciudad Autónoma de Buenos Aires;2
4312;1;4312;5758725121;2401;Hotel Ariel;-60,3319307;-38,8986982;446;389;Comuna 9;2063;1;Ciudad Autónoma de Buenos Aires;2
4313;1;4313;5759321208;2401;Hotel Los Angeles;-60,3338602;-38,898705;253;242;Comuna 3;2021;1;Ciudad Autónoma de Buenos Aires;2
4314;1;4314;5759321215;2401;Valle de Oro;-60,3432591;-38,8989077;253;242;Comuna 3;2021;1;Ciudad Autónoma de Buenos Aires;2
4329;1;4329;5774941945;2401;Le Petit Palais;-63,8893899;-31,6684881;227;204;Comuna 2;2014;1;Ciudad Autónoma de Buenos Aires;2
4330;1;4330;5775592654;2401;Caravelle;-59,4902621;-36,3823275;6;245;Comuna 14;2098;1;Ciudad Autónoma de Buenos Aires;2
4340;1;4340;5784511553;2401;Las Familias;-60,4730526;-34,6431237;229;209;Comuna 13;2091;1;Ciudad Autónoma de Buenos Aires;2
4397;1;4397;5919179586;2401;Novel Hotel;-61,2631426;-37,2494315;135;123;Comuna 1;2007;1;Ciudad Autónoma de Buenos Aires;2
4481;1;4481;6180722345;2401;Tritone;-65,9782262;-26,0748582;135;123;Comuna 1;2007;1;Ciudad Autónoma de Buenos Aires;2
4504;1;4504;6222176686;2401;reina;-71,421283;-40,928817;135;123;Comuna 1;2007;1;Ciudad Autónoma de Buenos Aires;2
4554;1;4554;6283718939;2401;Italia;-72,2941767;-50,3423338;140;125;Comuna 5;2035;1;Ciudad Autónoma de Buenos Aires;2
4559;1;4559;6303676193;2401;Amerian Congreso Hotel;-65,2854844;-26,8151178;253;242;Comuna 3;2021;1;Ciudad Autónoma de Buenos Aires;2
4578;1;4578;6342208252;2401;Apart Hotel Arc;-69,3469081;-32,5912673;253;242;Comuna 3;2021;1;Ciudad Autónoma de Buenos Aires;2
4579;1;4579;6350706838;2401;Hotel Varela;-64,0706205;-30,9218413;135;123;Comuna 1;2007;1;Ciudad Autónoma de Buenos Aires;2
4631;1;4631;6582353338;2401;Two Hotel;-65,3099916;-24,1844914;135;123;Comuna 1;2007;1;Ciudad Autónoma de Buenos Aires;2
4643;1;4643;6680655542;2401;Plaza Roma;-63,2486254;-32,9433507;135;123;Comuna 1;2007;1;Ciudad Autónoma de Buenos Aires;2
4654;1;4654;6746735685;2401;Downtown Apartment;-63,7965601;-22,5163618;135;123;Comuna 1;2007;1;Ciudad Autónoma de Buenos Aires;2
4689;1;4689;6916472785;2401;Rochester classic;-57,7132753;-25,2883707;135;123;Comuna 1;2007;1;Ciudad Autónoma de Buenos Aires;2
4691;1;4691;6939695385;2401;Ramada by Wyndham;-57,7154023;-25,2874442;135;123;Comuna 1;2007;1;Ciudad Autónoma de Buenos Aires;2
4703;1;4703;7016082344;2401;Apart Hotel León Imperial;-65,5373496;-25,1064885;253;242;Comuna 3;2021;1;Ciudad Autónoma de Buenos Aires;2
4715;1;4715;7065579609;2401;Hotel Bynnon;-65,0851763;-40,8077907;446;389;Comuna 9;2063;1;Ciudad Autónoma de Buenos Aires;2
4720;1;4720;7079394408;2401;Hotel Viedma;-69,2229627;-51,6170293;446;389;Comuna 9;2063;1;Ciudad Autónoma de Buenos Aires;2
4722;1;4722;7089736380;2401;Hotel Wilton;-72,8879111;-49,3288947;135;123;Comuna 1;2007;1;Ciudad Autónoma de Buenos Aires;2
4723;1;4723;7089747682;2401;Hotel Amalfi;-59,1194331;-34,5651135;135;123;Comuna 1;2007;1;Ciudad Autónoma de Buenos Aires;2
4724;1;4724;7090062794;2401;Versalles Palace Hotel;-68,0876303;-40,8418494;136;124;Comuna 4;2028;1;Ciudad Autónoma de Buenos Aires;2
4730;1;4730;7103210567;2401;Grand View;-68,352537;-54,8313545;253;242;Comuna 3;2021;1;Ciudad Autónoma de Buenos Aires;2
4743;1;4743;7132233300;2401;Yberia;-66,0472971;-26,6919051;152;126;Comuna 7;2049;1;Ciudad Autónoma de Buenos Aires;2
4760;1;4760;7222345785;2401; ;-70,2375986;-48,7536613;135;123;Comuna 1;2007;1;Ciudad Autónoma de Buenos Aires;2
4773;1;4773;7293716728;2401;Los Tilos;-65,5004933;-23,744881;152;126;Comuna 7;2049;1;Ciudad Autónoma de Buenos Aires;2
4848;1;4848;8094634167;2401;The Migueletes Plaza;-58,5126824;-33,0097865;6;245;Comuna 14;2098;1;Ciudad Autónoma de Buenos Aires;2
4851;1;4851;8131337573;2401;Solana;-71,4836236;-41,0684777;253;242;Comuna 3;2021;1;Ciudad Autónoma de Buenos Aires;2
4858;1;4858;8265584792;2401;Tango de Mayo;-64,5569596;-31,9721214;135;123;Comuna 1;2007;1;Ciudad Autónoma de Buenos Aires;2
